"Start","S0","K","Tt","Type","P"
2019-11-02,131.199997,119,2019-11-08,"call",11
2019-11-02,131.199997,120,2019-11-08,"call",8.55
2019-11-02,131.199997,121,2019-11-08,"call",8.85
2019-11-02,131.199997,122,2019-11-08,"call",6.8
2019-11-02,131.199997,123,2019-11-08,"call",5.55
2019-11-02,131.199997,124,2019-11-08,"call",8.44
2019-11-02,131.199997,125,2019-11-08,"call",6.5
2019-11-02,131.199997,126,2019-11-08,"call",5.54
2019-11-02,131.199997,127,2019-11-08,"call",4.6
2019-11-02,131.199997,128,2019-11-08,"call",4.15
2019-11-02,131.199997,129,2019-11-08,"call",2.85
2019-11-02,131.199997,130,2019-11-08,"call",1.95
2019-11-02,131.199997,131,2019-11-08,"call",1.28
2019-11-02,131.199997,132,2019-11-08,"call",0.75
2019-11-02,131.199997,133,2019-11-08,"call",0.41
2019-11-02,131.199997,134,2019-11-08,"call",0.24
2019-11-02,131.199997,135,2019-11-08,"call",0.14
2019-11-02,131.199997,136,2019-11-08,"call",0.07
2019-11-02,131.199997,137,2019-11-08,"call",0.05
2019-11-02,131.199997,138,2019-11-08,"call",0.03
2019-11-02,131.199997,139,2019-11-08,"call",0.05
2019-11-02,131.199997,140,2019-11-08,"call",0.05
2019-11-02,131.199997,141,2019-11-08,"call",0.06
2019-11-02,131.199997,142,2019-11-08,"call",0.42
2019-11-02,131.199997,143,2019-11-08,"call",0.26
2019-11-02,131.199997,144,2019-11-08,"call",0.04
2019-11-02,131.199997,145,2019-11-08,"call",0.01
2019-11-02,131.199997,110,2019-11-08,"put",0.03
2019-11-02,131.199997,115,2019-11-08,"put",0.02
2019-11-02,131.199997,117,2019-11-08,"put",0.01
2019-11-02,131.199997,118,2019-11-08,"put",0.17
2019-11-02,131.199997,119,2019-11-08,"put",0.05
2019-11-02,131.199997,120,2019-11-08,"put",0.04
2019-11-02,131.199997,121,2019-11-08,"put",0.13
2019-11-02,131.199997,122,2019-11-08,"put",0.01
2019-11-02,131.199997,123,2019-11-08,"put",0.03
2019-11-02,131.199997,124,2019-11-08,"put",0.02
2019-11-02,131.199997,125,2019-11-08,"put",0.06
2019-11-02,131.199997,126,2019-11-08,"put",0.07
2019-11-02,131.199997,127,2019-11-08,"put",0.13
2019-11-02,131.199997,128,2019-11-08,"put",0.21
2019-11-02,131.199997,129,2019-11-08,"put",0.33
2019-11-02,131.199997,130,2019-11-08,"put",0.58
2019-11-02,131.199997,131,2019-11-08,"put",0.96
2019-11-02,131.199997,132,2019-11-08,"put",1.5
2019-11-02,131.199997,133,2019-11-08,"put",2.14
2019-11-02,131.199997,134,2019-11-08,"put",2.8
2019-11-02,131.199997,135,2019-11-08,"put",3.55
2019-11-02,131.199997,136,2019-11-08,"put",6.3
2019-11-02,131.199997,137,2019-11-08,"put",7.25
2019-11-02,131.199997,138,2019-11-08,"put",6.1
2019-11-02,131.199997,139,2019-11-08,"put",5.35
2019-11-02,131.199997,140,2019-11-08,"put",6.9
2019-11-02,131.199997,80,2019-11-15,"call",51.3
2019-11-02,131.199997,90,2019-11-15,"call",40
2019-11-02,131.199997,95,2019-11-15,"call",36.61
2019-11-02,131.199997,100,2019-11-15,"call",31.66
2019-11-02,131.199997,110,2019-11-15,"call",19.75
2019-11-02,131.199997,115,2019-11-15,"call",15.2
2019-11-02,131.199997,119,2019-11-15,"call",9.15
2019-11-02,131.199997,120,2019-11-15,"call",11.81
2019-11-02,131.199997,121,2019-11-15,"call",8.6
2019-11-02,131.199997,122,2019-11-15,"call",8.25
2019-11-02,131.199997,123,2019-11-15,"call",7.2
2019-11-02,131.199997,124,2019-11-15,"call",7.92
2019-11-02,131.199997,125,2019-11-15,"call",8.11
2019-11-02,131.199997,126,2019-11-15,"call",5.75
2019-11-02,131.199997,127,2019-11-15,"call",4.75
2019-11-02,131.199997,128,2019-11-15,"call",3.9
2019-11-02,131.199997,129,2019-11-15,"call",3.3
2019-11-02,131.199997,130,2019-11-15,"call",2.46
2019-11-02,131.199997,131,2019-11-15,"call",1.91
2019-11-02,131.199997,132,2019-11-15,"call",1.28
2019-11-02,131.199997,133,2019-11-15,"call",0.88
2019-11-02,131.199997,134,2019-11-15,"call",0.61
2019-11-02,131.199997,135,2019-11-15,"call",0.4
2019-11-02,131.199997,136,2019-11-15,"call",0.27
2019-11-02,131.199997,137,2019-11-15,"call",0.18
2019-11-02,131.199997,138,2019-11-15,"call",0.09
2019-11-02,131.199997,139,2019-11-15,"call",0.1
2019-11-02,131.199997,140,2019-11-15,"call",0.05
2019-11-02,131.199997,141,2019-11-15,"call",0.11
2019-11-02,131.199997,142,2019-11-15,"call",0.05
2019-11-02,131.199997,145,2019-11-15,"call",0.01
2019-11-02,131.199997,150,2019-11-15,"call",0.01
2019-11-02,131.199997,155,2019-11-15,"call",0.01
2019-11-02,131.199997,160,2019-11-15,"call",0.03
2019-11-02,131.199997,165,2019-11-15,"call",0.02
2019-11-02,131.199997,170,2019-11-15,"call",0.02
2019-11-02,131.199997,70,2019-11-15,"put",0.02
2019-11-02,131.199997,75,2019-11-15,"put",0.03
2019-11-02,131.199997,80,2019-11-15,"put",0.04
2019-11-02,131.199997,85,2019-11-15,"put",0.01
2019-11-02,131.199997,90,2019-11-15,"put",0.01
2019-11-02,131.199997,95,2019-11-15,"put",0.01
2019-11-02,131.199997,100,2019-11-15,"put",0.01
2019-11-02,131.199997,105,2019-11-15,"put",0.02
2019-11-02,131.199997,110,2019-11-15,"put",0.03
2019-11-02,131.199997,115,2019-11-15,"put",0.02
2019-11-02,131.199997,119,2019-11-15,"put",0.02
2019-11-02,131.199997,120,2019-11-15,"put",0.04
2019-11-02,131.199997,121,2019-11-15,"put",0.12
2019-11-02,131.199997,122,2019-11-15,"put",0.13
2019-11-02,131.199997,123,2019-11-15,"put",0.12
2019-11-02,131.199997,124,2019-11-15,"put",0.15
2019-11-02,131.199997,125,2019-11-15,"put",0.2
2019-11-02,131.199997,126,2019-11-15,"put",0.26
2019-11-02,131.199997,127,2019-11-15,"put",0.39
2019-11-02,131.199997,128,2019-11-15,"put",0.57
2019-11-02,131.199997,129,2019-11-15,"put",0.73
2019-11-02,131.199997,130,2019-11-15,"put",1.1
2019-11-02,131.199997,131,2019-11-15,"put",1.41
2019-11-02,131.199997,132,2019-11-15,"put",2.02
2019-11-02,131.199997,133,2019-11-15,"put",2.45
2019-11-02,131.199997,134,2019-11-15,"put",2.97
2019-11-02,131.199997,135,2019-11-15,"put",3.98
2019-11-02,131.199997,136,2019-11-15,"put",4.1
2019-11-02,131.199997,137,2019-11-15,"put",5.55
2019-11-02,131.199997,140,2019-11-15,"put",8.55
2019-11-02,131.199997,145,2019-11-15,"put",15.79
2019-11-02,131.199997,150,2019-11-15,"put",22.4
2019-11-02,131.199997,155,2019-11-15,"put",23.42
2019-11-02,131.199997,160,2019-11-15,"put",26.8
2019-11-02,131.199997,170,2019-11-15,"put",33.8
2019-11-02,131.199997,115,2019-11-22,"call",17.5
2019-11-02,131.199997,120,2019-11-22,"call",12.64
2019-11-02,131.199997,122,2019-11-22,"call",11.4
2019-11-02,131.199997,123,2019-11-22,"call",9.7
2019-11-02,131.199997,124,2019-11-22,"call",8.66
2019-11-02,131.199997,125,2019-11-22,"call",8.01
2019-11-02,131.199997,126,2019-11-22,"call",6.15
2019-11-02,131.199997,127,2019-11-22,"call",5.35
2019-11-02,131.199997,128,2019-11-22,"call",5.05
2019-11-02,131.199997,129,2019-11-22,"call",3.85
2019-11-02,131.199997,130,2019-11-22,"call",3.01
2019-11-02,131.199997,131,2019-11-22,"call",2.37
2019-11-02,131.199997,132,2019-11-22,"call",1.8
2019-11-02,131.199997,133,2019-11-22,"call",1.38
2019-11-02,131.199997,134,2019-11-22,"call",1.02
2019-11-02,131.199997,135,2019-11-22,"call",0.67
2019-11-02,131.199997,136,2019-11-22,"call",0.56
2019-11-02,131.199997,137,2019-11-22,"call",0.37
2019-11-02,131.199997,138,2019-11-22,"call",0.42
2019-11-02,131.199997,139,2019-11-22,"call",0.36
2019-11-02,131.199997,140,2019-11-22,"call",0.12
2019-11-02,131.199997,141,2019-11-22,"call",0.22
2019-11-02,131.199997,142,2019-11-22,"call",0.08
2019-11-02,131.199997,143,2019-11-22,"call",0.07
2019-11-02,131.199997,144,2019-11-22,"call",0.24
2019-11-02,131.199997,145,2019-11-22,"call",0.1
2019-11-02,131.199997,146,2019-11-22,"call",0.33
2019-11-02,131.199997,150,2019-11-22,"call",0.07
2019-11-02,131.199997,105,2019-11-22,"put",0.08
2019-11-02,131.199997,110,2019-11-22,"put",0.26
2019-11-02,131.199997,115,2019-11-22,"put",0.09
2019-11-02,131.199997,117,2019-11-22,"put",0.08
2019-11-02,131.199997,118,2019-11-22,"put",0.07
2019-11-02,131.199997,119,2019-11-22,"put",0.49
2019-11-02,131.199997,120,2019-11-22,"put",0.17
2019-11-02,131.199997,121,2019-11-22,"put",0.2
2019-11-02,131.199997,122,2019-11-22,"put",0.2
2019-11-02,131.199997,123,2019-11-22,"put",0.32
2019-11-02,131.199997,124,2019-11-22,"put",0.32
2019-11-02,131.199997,125,2019-11-22,"put",0.4
2019-11-02,131.199997,126,2019-11-22,"put",0.51
2019-11-02,131.199997,127,2019-11-22,"put",0.65
2019-11-02,131.199997,128,2019-11-22,"put",0.8
2019-11-02,131.199997,129,2019-11-22,"put",1.1
2019-11-02,131.199997,130,2019-11-22,"put",1.51
2019-11-02,131.199997,131,2019-11-22,"put",1.4
2019-11-02,131.199997,132,2019-11-22,"put",2.33
2019-11-02,131.199997,133,2019-11-22,"put",2.86
2019-11-02,131.199997,134,2019-11-22,"put",3.8
2019-11-02,131.199997,135,2019-11-22,"put",4.1
2019-11-02,131.199997,136,2019-11-22,"put",6.96
2019-11-02,131.199997,137,2019-11-22,"put",7.35
2019-11-02,131.199997,138,2019-11-22,"put",10.16
2019-11-02,131.199997,140,2019-11-22,"put",10.97
2019-11-02,131.199997,141,2019-11-22,"put",10.35
2019-11-02,131.199997,118,2019-11-29,"call",11.95
2019-11-02,131.199997,119,2019-11-29,"call",10.39
2019-11-02,131.199997,120,2019-11-29,"call",12.9
2019-11-02,131.199997,122,2019-11-29,"call",10.6
2019-11-02,131.199997,123,2019-11-29,"call",5.25
2019-11-02,131.199997,125,2019-11-29,"call",6.8
2019-11-02,131.199997,126,2019-11-29,"call",4.7
2019-11-02,131.199997,127,2019-11-29,"call",5.9
2019-11-02,131.199997,128,2019-11-29,"call",4.35
2019-11-02,131.199997,129,2019-11-29,"call",3.7
2019-11-02,131.199997,130,2019-11-29,"call",3.25
2019-11-02,131.199997,131,2019-11-29,"call",2.88
2019-11-02,131.199997,132,2019-11-29,"call",1.9
2019-11-02,131.199997,133,2019-11-29,"call",1.4
2019-11-02,131.199997,134,2019-11-29,"call",1.43
2019-11-02,131.199997,135,2019-11-29,"call",0.77
2019-11-02,131.199997,136,2019-11-29,"call",0.57
2019-11-02,131.199997,137,2019-11-29,"call",0.33
2019-11-02,131.199997,138,2019-11-29,"call",0.37
2019-11-02,131.199997,139,2019-11-29,"call",0.15
2019-11-02,131.199997,140,2019-11-29,"call",0.13
2019-11-02,131.199997,141,2019-11-29,"call",0.1
2019-11-02,131.199997,142,2019-11-29,"call",0.18
2019-11-02,131.199997,143,2019-11-29,"call",0.19
2019-11-02,131.199997,145,2019-11-29,"call",0.08
2019-11-02,131.199997,146,2019-11-29,"call",0.19
2019-11-02,131.199997,110,2019-11-29,"put",0.06
2019-11-02,131.199997,115,2019-11-29,"put",0.05
2019-11-02,131.199997,117,2019-11-29,"put",0.14
2019-11-02,131.199997,118,2019-11-29,"put",0.52
2019-11-02,131.199997,119,2019-11-29,"put",0.2
2019-11-02,131.199997,120,2019-11-29,"put",0.24
2019-11-02,131.199997,121,2019-11-29,"put",0.42
2019-11-02,131.199997,122,2019-11-29,"put",0.3
2019-11-02,131.199997,123,2019-11-29,"put",0.41
2019-11-02,131.199997,124,2019-11-29,"put",0.65
2019-11-02,131.199997,125,2019-11-29,"put",0.66
2019-11-02,131.199997,126,2019-11-29,"put",0.88
2019-11-02,131.199997,127,2019-11-29,"put",1.08
2019-11-02,131.199997,128,2019-11-29,"put",1.37
2019-11-02,131.199997,129,2019-11-29,"put",1.57
2019-11-02,131.199997,130,2019-11-29,"put",1.99
2019-11-02,131.199997,131,2019-11-29,"put",2.55
2019-11-02,131.199997,132,2019-11-29,"put",2.97
2019-11-02,131.199997,133,2019-11-29,"put",3.68
2019-11-02,131.199997,134,2019-11-29,"put",6.05
2019-11-02,131.199997,135,2019-11-29,"put",5.12
2019-11-02,131.199997,136,2019-11-29,"put",2.75
2019-11-02,131.199997,137,2019-11-29,"put",8.6
2019-11-02,131.199997,138,2019-11-29,"put",8.02
2019-11-02,131.199997,140,2019-11-29,"put",10.37
2019-11-02,131.199997,141,2019-11-29,"put",8.6
2019-11-02,131.199997,155,2019-11-29,"put",23.64
2019-11-02,131.199997,125,2019-12-06,"call",8.72
2019-11-02,131.199997,128,2019-12-06,"call",5.03
2019-11-02,131.199997,129,2019-12-06,"call",3.88
2019-11-02,131.199997,130,2019-12-06,"call",3.4
2019-11-02,131.199997,131,2019-12-06,"call",2.69
2019-11-02,131.199997,132,2019-12-06,"call",3
2019-11-02,131.199997,133,2019-12-06,"call",1.67
2019-11-02,131.199997,134,2019-12-06,"call",1.26
2019-11-02,131.199997,135,2019-12-06,"call",0.98
2019-11-02,131.199997,136,2019-12-06,"call",0.75
2019-11-02,131.199997,137,2019-12-06,"call",0.53
2019-11-02,131.199997,138,2019-12-06,"call",0.45
2019-11-02,131.199997,139,2019-12-06,"call",0.17
2019-11-02,131.199997,140,2019-12-06,"call",0.24
2019-11-02,131.199997,142,2019-12-06,"call",0.12
2019-11-02,131.199997,110,2019-12-06,"put",0.22
2019-11-02,131.199997,115,2019-12-06,"put",0.13
2019-11-02,131.199997,118,2019-12-06,"put",0.53
2019-11-02,131.199997,120,2019-12-06,"put",0.38
2019-11-02,131.199997,122,2019-12-06,"put",0.55
2019-11-02,131.199997,123,2019-12-06,"put",1.15
2019-11-02,131.199997,124,2019-12-06,"put",0.66
2019-11-02,131.199997,125,2019-12-06,"put",0.44
2019-11-02,131.199997,126,2019-12-06,"put",1.08
2019-11-02,131.199997,127,2019-12-06,"put",1.32
2019-11-02,131.199997,128,2019-12-06,"put",1.67
2019-11-02,131.199997,129,2019-12-06,"put",1.97
2019-11-02,131.199997,130,2019-12-06,"put",1.9
2019-11-02,131.199997,131,2019-12-06,"put",5.43
2019-11-02,131.199997,132,2019-12-06,"put",3.3
2019-11-02,131.199997,133,2019-12-06,"put",5.06
2019-11-02,131.199997,135,2019-12-06,"put",4.76
2019-11-02,131.199997,138,2019-12-06,"put",11.03
2019-11-02,131.199997,110,2019-12-20,"call",23
2019-11-02,131.199997,115,2019-12-20,"call",17.11
2019-11-02,131.199997,120,2019-12-20,"call",11.82
2019-11-02,131.199997,125,2019-12-20,"call",7.3
2019-11-02,131.199997,130,2019-12-20,"call",3.61
2019-11-02,131.199997,135,2019-12-20,"call",1.34
2019-11-02,131.199997,140,2019-12-20,"call",0.38
2019-11-02,131.199997,145,2019-12-20,"call",0.11
2019-11-02,131.199997,150,2019-12-20,"call",0.04
2019-11-02,131.199997,155,2019-12-20,"call",0.05
2019-11-02,131.199997,160,2019-12-20,"call",0.04
2019-11-02,131.199997,65,2019-12-20,"put",0.01
2019-11-02,131.199997,75,2019-12-20,"put",0.02
2019-11-02,131.199997,80,2019-12-20,"put",0.04
2019-11-02,131.199997,85,2019-12-20,"put",0.03
2019-11-02,131.199997,90,2019-12-20,"put",0.06
2019-11-02,131.199997,95,2019-12-20,"put",0.02
2019-11-02,131.199997,100,2019-12-20,"put",0.04
2019-11-02,131.199997,105,2019-12-20,"put",0.11
2019-11-02,131.199997,110,2019-12-20,"put",0.2
2019-11-02,131.199997,115,2019-12-20,"put",0.29
2019-11-02,131.199997,120,2019-12-20,"put",0.59
2019-11-02,131.199997,125,2019-12-20,"put",1.31
2019-11-02,131.199997,130,2019-12-20,"put",2.87
2019-11-02,131.199997,135,2019-12-20,"put",5.4
2019-11-02,131.199997,140,2019-12-20,"put",9.25
2019-11-02,131.199997,145,2019-12-20,"put",10.04
2019-11-02,131.199997,150,2019-12-20,"put",20.49
2019-11-02,131.199997,155,2019-12-20,"put",24.55
2019-11-02,131.199997,65,2020-01-17,"call",71.39
2019-11-02,131.199997,70,2020-01-17,"call",57.7
2019-11-02,131.199997,75,2020-01-17,"call",52.22
2019-11-02,131.199997,80,2020-01-17,"call",48.43
2019-11-02,131.199997,85,2020-01-17,"call",51.98
2019-11-02,131.199997,90,2020-01-17,"call",52.41
2019-11-02,131.199997,95,2020-01-17,"call",39.93
2019-11-02,131.199997,100,2020-01-17,"call",33
2019-11-02,131.199997,105,2020-01-17,"call",32.5
2019-11-02,131.199997,110,2020-01-17,"call",19.3
2019-11-02,131.199997,115,2020-01-17,"call",17.99
2019-11-02,131.199997,120,2020-01-17,"call",12.15
2019-11-02,131.199997,125,2020-01-17,"call",8.09
2019-11-02,131.199997,130,2020-01-17,"call",4.7
2019-11-02,131.199997,135,2020-01-17,"call",2.3
2019-11-02,131.199997,140,2020-01-17,"call",0.91
2019-11-02,131.199997,145,2020-01-17,"call",0.3
2019-11-02,131.199997,150,2020-01-17,"call",0.13
2019-11-02,131.199997,155,2020-01-17,"call",0.05
2019-11-02,131.199997,160,2020-01-17,"call",0.05
2019-11-02,131.199997,165,2020-01-17,"call",0.01
2019-11-02,131.199997,170,2020-01-17,"call",0.02
2019-11-02,131.199997,175,2020-01-17,"call",0.01
2019-11-02,131.199997,180,2020-01-17,"call",0.01
2019-11-02,131.199997,185,2020-01-17,"call",0.01
2019-11-02,131.199997,190,2020-01-17,"call",0.04
2019-11-02,131.199997,195,2020-01-17,"call",0.02
2019-11-02,131.199997,200,2020-01-17,"call",0.02
2019-11-02,131.199997,65,2020-01-17,"put",0.01
2019-11-02,131.199997,70,2020-01-17,"put",0.05
2019-11-02,131.199997,75,2020-01-17,"put",0.05
2019-11-02,131.199997,80,2020-01-17,"put",0.04
2019-11-02,131.199997,85,2020-01-17,"put",0.05
2019-11-02,131.199997,90,2020-01-17,"put",0.09
2019-11-02,131.199997,95,2020-01-17,"put",0.15
2019-11-02,131.199997,100,2020-01-17,"put",0.15
2019-11-02,131.199997,105,2020-01-17,"put",0.38
2019-11-02,131.199997,110,2020-01-17,"put",0.49
2019-11-02,131.199997,115,2020-01-17,"put",0.68
2019-11-02,131.199997,120,2020-01-17,"put",1.21
2019-11-02,131.199997,125,2020-01-17,"put",2.13
2019-11-02,131.199997,130,2020-01-17,"put",3.75
2019-11-02,131.199997,135,2020-01-17,"put",6.17
2019-11-02,131.199997,140,2020-01-17,"put",9.18
2019-11-02,131.199997,145,2020-01-17,"put",14.44
2019-11-02,131.199997,150,2020-01-17,"put",18
2019-11-02,131.199997,155,2020-01-17,"put",16.34
2019-11-02,131.199997,160,2020-01-17,"put",20.94
2019-11-02,131.199997,165,2020-01-17,"put",25.42
2019-11-02,131.199997,170,2020-01-17,"put",43.69
2019-11-02,131.199997,175,2020-01-17,"put",43.35
2019-11-02,131.199997,180,2020-01-17,"put",48.35
2019-11-02,131.199997,185,2020-01-17,"put",50.9
2019-11-02,131.199997,190,2020-01-17,"put",45
2019-11-02,131.199997,200,2020-01-17,"put",51.25
2019-11-02,131.199997,70,2020-03-20,"call",60.91
2019-11-02,131.199997,100,2020-03-20,"call",29.7
2019-11-02,131.199997,105,2020-03-20,"call",25.47
2019-11-02,131.199997,110,2020-03-20,"call",20
2019-11-02,131.199997,115,2020-03-20,"call",17.74
2019-11-02,131.199997,120,2020-03-20,"call",13.1
2019-11-02,131.199997,125,2020-03-20,"call",9.85
2019-11-02,131.199997,130,2020-03-20,"call",6.5
2019-11-02,131.199997,135,2020-03-20,"call",3.96
2019-11-02,131.199997,140,2020-03-20,"call",2.07
2019-11-02,131.199997,145,2020-03-20,"call",1.02
2019-11-02,131.199997,150,2020-03-20,"call",0.6
2019-11-02,131.199997,155,2020-03-20,"call",0.37
2019-11-02,131.199997,165,2020-03-20,"call",0.11
2019-11-02,131.199997,70,2020-03-20,"put",0.09
2019-11-02,131.199997,75,2020-03-20,"put",0.15
2019-11-02,131.199997,80,2020-03-20,"put",0.2
2019-11-02,131.199997,90,2020-03-20,"put",0.46
2019-11-02,131.199997,95,2020-03-20,"put",0.6
2019-11-02,131.199997,100,2020-03-20,"put",0.54
2019-11-02,131.199997,105,2020-03-20,"put",0.91
2019-11-02,131.199997,110,2020-03-20,"put",1.13
2019-11-02,131.199997,115,2020-03-20,"put",1.8
2019-11-02,131.199997,120,2020-03-20,"put",2.33
2019-11-02,131.199997,125,2020-03-20,"put",3.95
2019-11-02,131.199997,130,2020-03-20,"put",6
2019-11-02,131.199997,135,2020-03-20,"put",7.97
2019-11-02,131.199997,140,2020-03-20,"put",11.13
2019-11-02,131.199997,155,2020-03-20,"put",26.67
2019-11-02,131.199997,85,2020-04-17,"call",51.35
2019-11-02,131.199997,90,2020-04-17,"call",40.5
2019-11-02,131.199997,100,2020-04-17,"call",36.56
2019-11-02,131.199997,105,2020-04-17,"call",27.68
2019-11-02,131.199997,110,2020-04-17,"call",20.1
2019-11-02,131.199997,115,2020-04-17,"call",15
2019-11-02,131.199997,120,2020-04-17,"call",15.2
2019-11-02,131.199997,125,2020-04-17,"call",9.9
2019-11-02,131.199997,130,2020-04-17,"call",6.85
2019-11-02,131.199997,135,2020-04-17,"call",4.4
2019-11-02,131.199997,140,2020-04-17,"call",2.57
2019-11-02,131.199997,145,2020-04-17,"call",1.41
2019-11-02,131.199997,150,2020-04-17,"call",0.72
2019-11-02,131.199997,155,2020-04-17,"call",0.38
2019-11-02,131.199997,160,2020-04-17,"call",0.26
2019-11-02,131.199997,175,2020-04-17,"call",0.11
2019-11-02,131.199997,70,2020-04-17,"put",0.15
2019-11-02,131.199997,75,2020-04-17,"put",0.25
2019-11-02,131.199997,90,2020-04-17,"put",0.55
2019-11-02,131.199997,95,2020-04-17,"put",0.79
2019-11-02,131.199997,100,2020-04-17,"put",0.9
2019-11-02,131.199997,105,2020-04-17,"put",1.05
2019-11-02,131.199997,110,2020-04-17,"put",1.25
2019-11-02,131.199997,115,2020-04-17,"put",2.7
2019-11-02,131.199997,120,2020-04-17,"put",3
2019-11-02,131.199997,125,2020-04-17,"put",4.47
2019-11-02,131.199997,130,2020-04-17,"put",6.39
2019-11-02,131.199997,135,2020-04-17,"put",8.38
2019-11-02,131.199997,140,2020-04-17,"put",11.39
2019-11-02,131.199997,145,2020-04-17,"put",16.3
2019-11-02,131.199997,70,2020-06-19,"call",57.24
2019-11-02,131.199997,75,2020-06-19,"call",62
2019-11-02,131.199997,80,2020-06-19,"call",53.95
2019-11-02,131.199997,85,2020-06-19,"call",51.76
2019-11-02,131.199997,90,2020-06-19,"call",43.23
2019-11-02,131.199997,95,2020-06-19,"call",36.54
2019-11-02,131.199997,100,2020-06-19,"call",30.81
2019-11-02,131.199997,105,2020-06-19,"call",25.05
2019-11-02,131.199997,110,2020-06-19,"call",22.55
2019-11-02,131.199997,115,2020-06-19,"call",18.23
2019-11-02,131.199997,120,2020-06-19,"call",12.4
2019-11-02,131.199997,125,2020-06-19,"call",11.82
2019-11-02,131.199997,130,2020-06-19,"call",8.02
2019-11-02,131.199997,135,2020-06-19,"call",5.45
2019-11-02,131.199997,140,2020-06-19,"call",3.61
2019-11-02,131.199997,145,2020-06-19,"call",2.14
2019-11-02,131.199997,150,2020-06-19,"call",1.24
2019-11-02,131.199997,155,2020-06-19,"call",0.74
2019-11-02,131.199997,160,2020-06-19,"call",0.38
2019-11-02,131.199997,165,2020-06-19,"call",0.25
2019-11-02,131.199997,170,2020-06-19,"call",0.4
2019-11-02,131.199997,175,2020-06-19,"call",0.49
2019-11-02,131.199997,180,2020-06-19,"call",0.41
2019-11-02,131.199997,190,2020-06-19,"call",0.1
2019-11-02,131.199997,200,2020-06-19,"call",0.07
2019-11-02,131.199997,70,2020-06-19,"put",0.2
2019-11-02,131.199997,75,2020-06-19,"put",0.33
2019-11-02,131.199997,80,2020-06-19,"put",0.33
2019-11-02,131.199997,85,2020-06-19,"put",0.59
2019-11-02,131.199997,90,2020-06-19,"put",0.8
2019-11-02,131.199997,95,2020-06-19,"put",0.83
2019-11-02,131.199997,100,2020-06-19,"put",1.25
2019-11-02,131.199997,105,2020-06-19,"put",1.6
2019-11-02,131.199997,110,2020-06-19,"put",2.15
2019-11-02,131.199997,115,2020-06-19,"put",2.99
2019-11-02,131.199997,120,2020-06-19,"put",4.2
2019-11-02,131.199997,125,2020-06-19,"put",5.8
2019-11-02,131.199997,130,2020-06-19,"put",7.9
2019-11-02,131.199997,135,2020-06-19,"put",10.2
2019-11-02,131.199997,140,2020-06-19,"put",14.65
2019-11-02,131.199997,145,2020-06-19,"put",19.55
2019-11-02,131.199997,150,2020-06-19,"put",22.4
2019-11-02,131.199997,160,2020-06-19,"put",28.39
2019-11-02,131.199997,200,2020-06-19,"put",69.45
2019-11-02,131.199997,70,2020-09-18,"call",60.46
2019-11-02,131.199997,75,2020-09-18,"call",55.48
2019-11-02,131.199997,80,2020-09-18,"call",51.33
2019-11-02,131.199997,85,2020-09-18,"call",45.5
2019-11-02,131.199997,90,2020-09-18,"call",41.41
2019-11-02,131.199997,95,2020-09-18,"call",36.6
2019-11-02,131.199997,100,2020-09-18,"call",32.2
2019-11-02,131.199997,105,2020-09-18,"call",24.1
2019-11-02,131.199997,110,2020-09-18,"call",22.06
2019-11-02,131.199997,115,2020-09-18,"call",16.75
2019-11-02,131.199997,120,2020-09-18,"call",16.4
2019-11-02,131.199997,125,2020-09-18,"call",12.31
2019-11-02,131.199997,130,2020-09-18,"call",9.95
2019-11-02,131.199997,135,2020-09-18,"call",6.6
2019-11-02,131.199997,140,2020-09-18,"call",4.8
2019-11-02,131.199997,145,2020-09-18,"call",3.35
2019-11-02,131.199997,150,2020-09-18,"call",2.25
2019-11-02,131.199997,155,2020-09-18,"call",1.54
2019-11-02,131.199997,160,2020-09-18,"call",0.79
2019-11-02,131.199997,165,2020-09-18,"call",0.9
2019-11-02,131.199997,170,2020-09-18,"call",0.35
2019-11-02,131.199997,175,2020-09-18,"call",0.48
2019-11-02,131.199997,180,2020-09-18,"call",1.1
2019-11-02,131.199997,185,2020-09-18,"call",0.22
2019-11-02,131.199997,195,2020-09-18,"call",0.15
2019-11-02,131.199997,200,2020-09-18,"call",0.18
2019-11-02,131.199997,70,2020-09-18,"put",0.31
2019-11-02,131.199997,75,2020-09-18,"put",0.7
2019-11-02,131.199997,80,2020-09-18,"put",0.82
2019-11-02,131.199997,85,2020-09-18,"put",0.85
2019-11-02,131.199997,90,2020-09-18,"put",1.01
2019-11-02,131.199997,95,2020-09-18,"put",1.45
2019-11-02,131.199997,100,2020-09-18,"put",1.96
2019-11-02,131.199997,105,2020-09-18,"put",3.15
2019-11-02,131.199997,110,2020-09-18,"put",3.15
2019-11-02,131.199997,115,2020-09-18,"put",4.3
2019-11-02,131.199997,120,2020-09-18,"put",5.4
2019-11-02,131.199997,125,2020-09-18,"put",6.78
2019-11-02,131.199997,130,2020-09-18,"put",9.22
2019-11-02,131.199997,135,2020-09-18,"put",11.72
2019-11-02,131.199997,140,2020-09-18,"put",12.48
2019-11-02,131.199997,145,2020-09-18,"put",21.45
2019-11-02,131.199997,150,2020-09-18,"put",23.87
2019-11-02,131.199997,160,2020-09-18,"put",30.85
2019-11-02,131.199997,165,2020-09-18,"put",34.35
2019-11-02,131.199997,180,2020-09-18,"put",48.56
2019-11-02,131.199997,185,2020-09-18,"put",53.31
2019-11-02,131.199997,200,2020-09-18,"put",68.03
2019-11-02,131.199997,70,2020-12-18,"call",61.03
2019-11-02,131.199997,75,2020-12-18,"call",55.15
2019-11-02,131.199997,80,2020-12-18,"call",56.54
2019-11-02,131.199997,85,2020-12-18,"call",46.17
2019-11-02,131.199997,90,2020-12-18,"call",40.35
2019-11-02,131.199997,95,2020-12-18,"call",35.91
2019-11-02,131.199997,100,2020-12-18,"call",29.35
2019-11-02,131.199997,115,2020-12-18,"call",17.65
2019-11-02,131.199997,120,2020-12-18,"call",20.05
2019-11-02,131.199997,125,2020-12-18,"call",11.22
2019-11-02,131.199997,130,2020-12-18,"call",10.9
2019-11-02,131.199997,135,2020-12-18,"call",6.1
2019-11-02,131.199997,140,2020-12-18,"call",6.6
2019-11-02,131.199997,145,2020-12-18,"call",4.84
2019-11-02,131.199997,150,2020-12-18,"call",4.9
2019-11-02,131.199997,170,2020-12-18,"call",0.7
2019-11-02,131.199997,185,2020-12-18,"call",0.35
2019-11-02,131.199997,70,2020-12-18,"put",0.61
2019-11-02,131.199997,75,2020-12-18,"put",0.62
2019-11-02,131.199997,80,2020-12-18,"put",0.97
2019-11-02,131.199997,85,2020-12-18,"put",1.2
2019-11-02,131.199997,90,2020-12-18,"put",1.55
2019-11-02,131.199997,95,2020-12-18,"put",2.5
2019-11-02,131.199997,100,2020-12-18,"put",3.1
2019-11-02,131.199997,105,2020-12-18,"put",4.21
2019-11-02,131.199997,110,2020-12-18,"put",5.5
2019-11-02,131.199997,115,2020-12-18,"put",6.4
2019-11-02,131.199997,120,2020-12-18,"put",8.55
2019-11-02,131.199997,125,2020-12-18,"put",10.48
2019-11-02,131.199997,130,2020-12-18,"put",11.36
2019-11-02,131.199997,135,2020-12-18,"put",11.58
2019-11-02,131.199997,140,2020-12-18,"put",16.73
